,address,label,n_transactions,block_height_max-min,fee_mean,fee_median,fee_std,fee_min,fee_max,fee_max-min,size_mean,size_median,size_std,size_min,size_max,weight_mean,weight_median,weight_std,weight_min,weight_max,confirmations_mean,confirmations_median,confirmations_std,confirmations_min,confirmations_max,vin_sz_mean,vin_sz_median,vin_sz_std,vin_sz_min,vin_sz_max,vout_sz_mean,vout_sz_median,vout_sz_std,vout_sz_min,vout_sz_max,inputsAmount_mean,inputsAmount_median,inputsAmount_std,inputsAmount_min,inputsAmount_max,outputsAmount_mean,outputsAmount_median,outputsAmount_std,outputsAmount_min,outputsAmount_max
0,1129yN1itF5a5Hqgw7aenPKrom3fv8Aid1,coinjoin-like,100,31865,16304400,10000,161990110.1,0,1620000000,1620000000,6232.8,753,14905.9924,225,73896,24931.2,3012,59623.96961,900,295584,387570.57,386509,6142.126332,380695,412560,34.38,4,82.81862622,1,410,2.02,2,0.585687889,1,5,1313290108,82382890.5,5182520120,5987183,41851030020,1296985708,82367890.5,5055408432,5977183,40231030020
1,112b8ZjaJWGobxT7rAE8Qyw17bJa91jaec,gambling,72,8031,27788.59722,10000,66494.38973,0,450000,450000,2308.416667,782,4998.409053,225,40228,9233.666667,3128,19993.63621,900,160912,350449.9167,350893.5,2096.758207,344864,352878,9.388888889,2,28.14927791,1,223,17.90277778,2,29.10600331,1,70,121047803.8,3567693,304981800.3,30070,1544801456,121020015.2,3552693,304977519.9,70,1544801456
2,112LhEwGZk5mqpLz9Q33QG5FxZNbpgDwTL,exchange,3,1919,167926.6667,67200,233815.6462,1356,435224,433868,3122.666667,223,5049.24057,192,8953,12490.66667,892,20196.96228,768,35812,154786,155016,964.7854684,153727,155615,17.33333333,1,28.29016319,1,50,1.333333333,1,0.577350269,1,2,1333763129,52420000,2264818577,93531,3948775856,1333595202,52352800,2264586726,92175,3948340632
3,1136GYGTdySKCocdjqZphXiW4zoskXHqML,gambling,197,119799,249839.0457,40000,1402503.602,744,10000000,9999256,4060.101523,484,15577.68338,223,96799,15779.71574,1303,62296.39553,766,384919,122372.6853,121025,16144.40448,98086,217885,26.04568528,1,105.5838623,1,651,3.299492386,2,2.182174946,1,25,549079311.8,12295467,1625851370,603092,11002000000,548829472.7,12283443,1625316537,529092,11001956800
4,113Nu2g1dE4d3oiUH1ozUysK2RBgC98pxx,miner,6,4238,5135066.667,6120522,4338964.3,24034,9817000,9792966,49573.5,56165,43849.6889,393,97854,198294,224660,175398.7556,1572,391416,152913,152620.5,1746.568407,151423,155661,331.5,372.5,300.5979042,1,663,17.5,4.5,23.81386151,1,57,3525227051,1687865300,4839984082,49374220,13007866685,3520091984,1683758439,4839671192,49350186,13003684841
5,113zXqPm8bUcqN3WwNkmbKDUKKxEwzCQHY,miner,13,117940,1248242.077,318600,2748839.254,1084,10000000,9998916,9661.538462,1228,25545.10418,226,93993,38570.69231,4912,102210.2109,670,375972,131844.7692,147504,46975.5289,51582,169522,63.38461538,4,173.8574792,1,637,8.692307692,2,15.35352628,1,52,2145050380,676420563,3109776769,39548,10010000000,2143802138,676405779,3107683644,37628,10000000000
6,1142QZVPTNpWYh9qHhajea7DdXBch9dD3s,exchange,6,98612,32563.66667,27000,35662.15288,2738,100000,97262,1689.333333,364.5,3308.593276,280,8442,6648.333333,1458,13291.04481,793,33768,90400.66667,62393,49151.98297,55092,153722,9.833333333,1.5,20.66317175,1,52,6.666666667,3,8.041558721,3,23,1421832856,6825662.5,3444084013,31871,8451855543,1421800292,6822610,3444050928,4871,8451755543
7,114ADriuRWjkdmADR1wfL4KDqttNxGjp3D,miner,54,153368,1781464.481,37150,6219486.141,748,32509232,32508484,4813.425926,374,11220.85209,189,49784,19246.14815,1492,44886.47866,756,199136,174877.3889,170304,28878.93315,132844,286212,25.44444444,1,66.47560672,1,290,30.90740741,2,56.69390454,1,301,3116045730,9457692.5,6562890926,332011,29398956141,3114264266,9437122.5,6558771001,286757,29380967161
8,114dCn4TFweCWGqnxhZbaBuS5EEarJJdVS,services,8,31024,26025,6622.5,43737.4827,1130,121840,120710,5135.875,881,8889.882989,225,24576,20543.5,3524,35559.53195,900,98304,149872,153728,10937.24162,122804,153812,30,5,52.3422801,1,144,3.25,2,1.832250763,2,6,22558025.75,3759376,43152432.06,25959,124882456,22532000.75,3697891,43138574.04,24829,124820761
9,114i8FXzB8RLuKodFwTMhmWbg4DxKWwiuZ,exchange,2,3,56450,56450,61589.00064,12900,100000,87100,2464.5,2464.5,3120.462225,258,4671,9858,9858,12481.8489,1032,18684,153713.5,153713.5,20.50609665,153699,153728,14.5,14.5,19.09188309,1,28,9.5,9.5,9.192388155,3,16,3246292745,3246292745,4311659023,197489411,6295096078,3246236295,3246236295,4311597434,197476511,6294996078
10,115HCtNXsMHy751vNt2EueYVzr7E4GxwJG,exchange,4,16946,1733867,513135,2674173.38,180800,5728398,5547598,8435.25,8464,6872.319908,225,16588,33741,33856,27489.27963,900,66352,162026.5,161885.5,9601.540588,153698,170637,50.25,45.5,48.72627628,1,109,7,5.5,5.944184833,2,15,4144544920,1017241597,6943269860,13157105,14530539381,4142811053,1014006298,6944075060,12976305,14530255311
11,115mjxm8A1GZ4rzuXmX1tfSmar8Sa5GCwf,exchange,2,2,2181132,2181132,2787601.608,210000,4152264,3942264,18282.5,18282.5,18587.71596,5139,31426,73130,73130,74350.86383,20556,125704,153720,153720,15.55634919,153709,153731,117,117,118.7939392,33,201,28.5,28.5,28.99137803,8,49,2421967057,2421967057,3347741072,54756643,4789177470,2419785925,2419785925,3344953470,54546643,4785025206
12,115NGnx1tJm2o2rPfnsjuYa7uEdxy2eRq8,services,3,13,28983.66667,12628,28328.84566,12628,61695,49067,4300.666667,225,7059.261741,225,12452,17202.66667,900,28237.04697,900,49808,153720.6667,153715,9.814954576,153715,153732,25.33333333,1,42.14656965,1,74,3.333333333,2,2.309401077,2,6,47658630,9266020,66878154.66,8827414,124882456,47629646.33,9253392,66849825.96,8814786,124820761
13,115Qn5pR6pAFUcKwAaDNHNrkh6wXZwtNtk,services,5,773,789081,10405,1086889.73,10000,2253000,2243000,1641.2,521,1819.595065,225,3911,6564.8,2084,7278.380259,900,15644,288920,288883,341.0263919,288527,289273,10.6,3,12.34098862,1,26,2,2,0,2,2,216379255.2,107795128,215990587.9,20990682,563254789,215590174.2,107785128,214963665.4,20980277,561001789
14,115vqUzjcwsMAYtKuCdFqj6JNfp1VLsjTS,exchange,8,85492,146105.125,65643.5,174690.9227,7106,517020,509914,3515.25,404.5,6344.159918,191,17572,14061,1618,25376.63967,764,70288,129202.25,128412,34577.00396,88706,174198,20.875,1.5,40.86017097,1,115,13,3,19.58862644,1,59,57064397540,11477991,1.59054E+11,58907,4.50677E+11,57064251435,11328716.5,1.59053E+11,31907,4.50676E+11
15,115xuNLCqjQ12UPYsEBoFrQURx56WPcwLD,exchange,62,188948,5095956.774,1775416,8701912.097,10000,45071068,45061068,14074.17742,15396.5,12383.98512,226,58878,56272.08065,61586,49563.63793,904,235512,175599.9194,185005.5,34227.59163,4784,193732,67.72580645,51.5,74.85662128,1,227,119.4677419,90.5,224.2756441,2,1751,9289459193,2614972252,21431859884,2482018,1.36979E+11,9284363236,2610421684,21426491795,2429194,1.36934E+11
16,116AYmdheVE4o64mDuRKmP9s3fsR84VXrC,miner,8,51493,173944.875,106480.5,166289.921,5976,432460,426484,8044.75,3527,11870.83393,218,35844,32137.75,14108,47514.55132,542,143376,142477.875,154295,23025.75285,105240,156733,50.625,20,81.14878311,1,240,14,12,12.92837411,1,41,6708544716,3208326506,12172525327,4088945,36268403112,6708370771,3208191819,12172526845,4048945,36268299911
17,11d17SGG28V9K5zUEqCMeU2KnwVpk6Gvj,coinjoin-like,4,10,108260,116480,35588.17032,61400,138680,77280,1655.75,1537.5,1296.804374,226,3322,6623,6150,5187.217494,904,13288,276039.75,276037,6.946221995,276035,276050,10.75,10,8.770214745,1,22,1.75,2,0.5,1,2,641647165,651000812.5,715487420.6,3448000,1261139035,641538905,650903617.5,715455941,3348000,1261000385
18,11NomAcyxruQ2t9isswHiFUDfEP6nyonn,exchange,8,2995,126176.875,100000,121516.2108,5621,380000,374379,8170.375,3711,11685.65722,419,35775,32681.5,14844,46742.62886,1676,143100,153805.25,153880.5,1138.430969,152218,155228,50.375,17.5,80.44152712,1,240,21.875,12,32.16225605,4,101,10900062919,8163897267,9404918788,933202711,27818836562,10899936742,8163797267,9404889104,933193903,27818621576
19,121FDZK6HLCwBhCUSf6uTQvB48j6f18TjC,coinjoin-like,114,23603,47631.57895,10000,75143.55149,10000,550000,540000,3864.640351,620.5,7040.15594,225,54993,15458.5614,2482,28160.62376,900,219972,383828.2719,382924.5,4537.908333,371073,394644,21.44736842,3,39.24556051,1,305,2,2,0,2,2,531578072.5,47911475,955790642.9,10520700,6164811676,531530441,47901475,955723394.2,10510700,6164261676
20,121p3NbdXCP9AKovxHPpW53EPXqZe9jiEf,exchange,50,49804,3964751.4,858159,8724648.59,22763,47250164,47227401,16234.96,15426,10479.56284,553,33198,63065.62,61370,41436.94213,2212,132792,180178.5,176591.5,18705.59659,153721,203501,87.56,101,78.2531632,1,205,66.82,51.5,63.83994335,3,201,3504079288,850567609,5313949439,24332341,21890372697,3500114537,847866795.5,5310732397,23919803,21887829855
21,122agEZiUmzzWCAMZ1gmRx63k8bTqGLfe7,miner,208,53699,937894.6442,81600,2701457.812,5650,20000000,19994350,9089.259615,3668.5,16075.18617,192,97762,36357.03846,14674,64300.74469,768,391048,165931.1923,161168,12587.14069,153291,206958,37.50961538,2,111.308597,1,655,103.2211538,33,123.3621162,1,601,5467750194,165841155.5,16941933025,1133261,99740689212,5466812299,164081106,16941795649,1114561,99739346044
22,122D82buy7WaLGQaHiRZyThvSDyJUGsfiZ,exchange,17,9566,59600.23529,11074,77549.76916,2244,244868,242624,4732.235294,373,8906.87941,192,35764,18928.94118,1492,35627.51764,768,143056,150681.7647,150126,3143.643498,147161,156727,30.35294118,2,59.53039263,1,240,7.411764706,3,7.714100916,1,25,4066912530,80000000,7343139312,34216,25405322843,4066852929,79997514,7343068475,30036,25405107857
23,122o9MHBsbtaZkr6mRv5hNQLbaCeBJFrth,coinjoin-like,8,70,83250,100000,47225.87063,10000,144800,134800,1775.125,814.5,2435.108999,225,7309,7100.5,3258,9740.435998,900,29236,276002.5,276018,31.55041317,275949,276034,11.5,5,16.50108222,1,49,2,2,0,2,2,1006320451,1156096369,840483298.3,25470000,2134336568,1006237201,1156003969,840475442.1,25460000,2134226568
24,1234AhbKmCr6xpRih7EcJzNb7YMkQBGPsP,services,3,44745,40000,10000,51961.52423,10000,100000,90000,1698.666667,373,2299.586992,369,4354,6794.666667,1492,9198.347968,1476,17416,336254.6667,351085,25796.95421,306467,351212,9.666666667,2,14.15391583,1,26,6.333333333,2,7.505553499,2,15,1244720416,1250241236,1131100112,110870000,2373050013,1244680416,1250231236,1131055222,110860000,2372950013
25,1235hfQHqhkXKEgFy92bkRikFT5C7fCB4q,gambling,250,9302,12478.744,10000,6748.479778,5600,45040,39440,619.64,478,513.7097363,192,4059,2478.56,1912,2054.838945,768,16236,285528.648,285839,1743.059998,278900,288234,3.416,2,3.486483367,1,27,2.448,2,1.541688429,1,7,168055205.2,107524631,270538528.8,1000000,3011024743,168042726.5,107516131,270536757,990000,3010990053
26,123aGxC6FAFKKdZzBRwtVyFA1uk8KCjzF1,exchange,250,42742,212102.848,10000,444728.4479,1120,3790350,3789230,4330.596,404,8698.260011,217,36326,17313.276,1616,34795.69384,541,145304,153955.888,155411,6409.847351,119248,161990,23.032,2,55.93533788,1,240,17.652,3,29.18826331,1,101,23755163872,6919640,1.01606E+11,2730,1.05508E+12,23754951769,6909640,1.01606E+11,546,1.05508E+12
27,123g3ijJLVz6zgKDgNJDbqvscMFN77smy6,coinjoin-like,2,11,77340,77340,95233.14129,10000,144680,134680,1920,1920,2395.677775,226,3614,7680,7680,9582.711099,904,14456,275859,275859,15.55634919,275848,275870,12.5,12.5,16.26345597,1,24,2,2,0,2,2,750437387.5,750437387.5,828315331,164730000,1336144775,750360047.5,750360047.5,828220097.8,164720000,1336000095
28,123JSndGU2Q1v9gc3k2qTnUtuHakTGfc9B,services,250,9381,52677.168,12578,76874.31382,458,540534,540076,7765.628,1491,10742.82698,191,36587,30969.308,5964,43037.05372,541,146348,125371.316,123919,3087.838661,121952,131343,44.04,9,59.39222293,1,150,3.16,2,2.78953869,1,24,340249980,8784658.5,1147133878,39681,7492252033,340197302.9,8748945.5,1147137151,37421,7492246993
29,123okrhPQu5iZYmhWjq4h9LfJLfrAoP3tk,miner,18,173509,1398100.5,186250,2503697.154,3780,10000000,9996220,8257.944444,2691.5,11194.68911,225,33654,32703.44444,10303.5,44588.6613,900,133611,111856.2222,153990.5,75057.48251,1106,174615,53.61111111,13.5,76.45001357,1,226,5.277777778,2,9.404664397,1,36,6096801601,2001807059,14500980265,10715303,60589757732,6095403500,2000470421,14501316359,10575489,60589753952
30,123QRYnQqUZJZgQP9R1BRMiHF2amsZGHgt,services,3,12324,175208,15624,281292.1787,10000,500000,490000,8115.333333,258,13667.3653,191,23897,32461.33333,1032,54669.46121,764,95588,327413.3333,331510,7110.362321,319203,331527,52.33333333,1,88.91194146,1,155,11,2,16.46207763,1,30,3283400000,272700000,5434998844,20000000,9557500000,3283224792,272684376,5434717576,19990000,9557000000
31,123XGDxKQUWhj5xVibZHNU9RKXE6m8XMN3,services,192,93160,68620.32813,2165,178858.0463,0,896094,896094,79086.35938,59309,67584.76498,582,235203,316307.75,237236,270382.3202,1750,940812,141846.3594,149474,25692.44786,77452,170624,41.5,2,46.62392708,1,100,2135.791667,1497.5,2221.570792,1,7057,7913945031,4772093900,8638706397,1467855,40760475444,7913876411,4772058900,8638768971,1457855,40760475444
32,12435wTGTdvaQTYs4fpKwf5V3ueafaPetH,miner,14,5892,324461.5,215584,427494.3139,1747,1630535,1628788,7518.071429,5609,7739.651527,456,31548,30002.85714,22436,31026.53112,1396,126192,156532.5,156717,1987.707367,153702,159587,44.28571429,37.5,52.99844493,1,201,29.07142857,2,39.05905644,2,101,3299386042,501000737.5,4844160909,6190570,15818970981,3299061580,500964217,4843805071,6188823,15817340446
33,12445FN5tHKncybMFeNXxehfnRSamcr355,services,4,1055,53273.5,35678,64986.5055,2468,139270,136802,11160.25,7721.5,12598.6102,1234,27964,44641,30886,50394.44079,4936,111856,153599.25,153808.5,495.7333793,152866,153914,59,42.5,71.80993432,1,150,21.25,19,19.31105038,4,43,26439486.5,25533193.5,25883659.04,3095400,51596159,26386213,25497515.5,25823224.63,3092932,51456889
34,124iA7yq1xjFA9JvGYeHvBBiZS9YE3qP5p,miner,8,20237,2826047.625,314168.5,4465448.496,35324,10000000,9964676,15583.625,1406,31601.26445,259,90590,62334.5,5624,126405.0578,1036,362360,163327.25,162940.5,10065.11943,153714,173925,102.125,4.5,215.8494432,1,614,15.25,2.5,34.68943849,1,101,1149697060,482343952.5,1619702946,14056655,4081169018,1146871013,477324535.5,1617903213,13598918,4079374532
35,124Jdxt5szHi7nyktjjtvg6WwGSZzxePPc,gambling,8,77929,46724.375,13608,73777.43776,1920,217156,215236,512.5,394,373.5532091,191,1109,2050,1576,1494.212836,764,4436,127295.375,111594,33007.73273,102719,180631,2.75,1,2.549509757,1,7,2.875,2,3.720119046,1,12,329555947.4,22658998.5,631613463.2,5963445,1769909096,329509223,22649697,631551318.8,5961525,1769691940
36,125bz7u6fmgkb2FSpHNQGXxZHR3oWuAByg,coinjoin-like,75,5517,66666.66667,20000,73159.08865,10000,300000,290000,5053.48,907,7034.050675,225,29376,20213.92,3628,28136.2027,900,117504,365923.24,365788,1425.123891,362839,368356,28.06666667,4,39.90574481,1,167,3.546666667,2,4.77406658,1,33,601826610.1,180700000,646896489.8,10020,1389300212,601759943.5,180660000,646837898.2,20,1389001296
37,125EVYvyYeB742W8YVcFzoxQmgxvqfnznJ,miner,10,12497,147161.9,169100,131340.0773,266,318600,318334,1726,1922.5,1123.144099,225,3174,6871,7690,4541.70592,670,12696,146979,148576.5,5229.228964,141207,153704,9.7,10,8.340663443,1,21,8.1,2,16.6696664,2,55,1419352451,246251017,2888920615,29422430,9341890673,1419205289,246098277,2888959201,29422164,9341880614
38,125i4CE6axsQHbmSPtrnjWuxAsGvVDEnsr,miner,41,34847,1244281.927,87328,4663668.79,252,22565598,22565346,2673.512195,372,7975.694817,191,38256,10654.2439,1488,31896.83372,764,153024,165795.9756,171195,10099.53041,140761,175608,11.53658537,1,43.56667164,1,202,28.29268293,2,69.73028177,1,293,1089548202,15262120,2953796595,2325400,14812497082,1088303920,15128451,2950506434,2249434,14792140269
39,125KffLCotHnPTctejLh38YhPk8Tk5XuQF,coinjoin-like,180,12722,64555.55556,40000,80482.63786,10000,620000,610000,3003.627778,1941.5,3297.027241,496,30050,12014.51111,7766,13188.10896,1984,120200,338741.7278,339650.5,3749.095295,331359,344061,15.98888889,9,21.55854414,1,199,14.33333333,10,5.93917023,3,50,2075409559,1461670000,2041735375,60000,10596785388,2075345003,1461590000,2041699363,30000,10596755388
40,125MgaE23Pz35uCudN6N3d3zYyprXw8ScK,exchange,2,3,579924.5,579924.5,526689.1931,207499,952350,744851,9545.5,9545.5,1740.189789,8315,10776,38182,38182,6960.759154,33260,43104,153718,153718,19.79898987,153704,153732,47.5,47.5,28.99137803,27,68,16,16,8.485281374,10,22,6584181949,6584181949,7611771932,1201846399,11966517499,6583602025,6583602025,7612298621,1200894049,11966310000
41,125NDEksWXKc7SgbJZePtaEPZwMVite5Wc,miner,4,3491,176525.25,153922,162207.8619,3057,395200,392143,7354.5,7328,6463.761882,222,14540,29418,29312,25855.04753,888,58160,155459.25,155457.5,2018.13055,153711,157211,43.75,38,48.81512744,1,98,26.75,2,49.5,2,101,1325397340,501000036,1996719613,126765,4299462523,1325220815,500846114,1996566444,123708,4299067323
42,125Q7fJ4CG81pEcVZHJeXnzqjirT4ofoUE,gambling,250,15064,147354.836,82033,183914.4,16375,2238217,2221842,1547.836,1196.5,2600.577599,370,37364,5589.292,4457.5,6592.476655,862,84596,7366.648,8647,4434.524883,16,15080,2.952,2,13.72381391,1,211,32.636,31,32.99980991,2,101,534982227.8,27088994,2529589580,1011118,31492476398,534834873,26946887.5,2529565499,960214,31492169661
43,125uJXRSPoYWHMzvPunT2Ljo23CC896QRA,miner,14,26824,1211320.214,505452,1602763.615,37860,5461620,5423760,6457.785714,1461,18233.68907,356,69677,25831.14286,5844,72934.75628,1424,278708,169268,172214.5,9971.220502,153700,180522,36.71428571,1.5,125.3177061,1,472,30.35714286,11,36.51260508,2,121,41885680033,887134004,1.40295E+11,6867924,5.2859E+11,41884468713,887033123,1.40293E+11,6734303,5.28585E+11
44,125yNisog6W6wRAQvEGx88ujTs2Po4QjA2,exchange,6,2842,1518988.5,806600.5,1851357.536,2910,4152264,4149354,15665,15402.5,16884.46095,250,31426,62605,61610,67598.20719,670,125704,152353.3333,152480,1279.260672,150859,153731,101,101,109.5445115,1,201,19.83333333,12,21.45149567,2,49,18747476760,2398374042,38394734252,4041015,96613797883,18745957772,2396296455,38394521785,4029957,96612195740
45,126cHpSUNNsh2dRcLhxAZGSqjcrRvWuDKC,coinjoin-like,2,9,118740,118740,153781.5828,10000,227480,217480,2733.5,2733.5,3546.140508,226,5241,10934,10934,14184.56203,904,20964,275868,275868,1.414213562,275867,275869,18,18,24.04163056,1,35,2,2,0,2,2,670603875,670603875,898907904.6,34980000,1306227750,670485135,670485135,898754123,34970000,1306000270
46,126Gwoa7HxdvHh5v2AMPp94w4tGsKgvpsB,gambling,250,8447,30990.352,18080,42641.22977,9900,465137,455237,458.832,226,539.0265916,190,7119,1835.328,904,2156.106366,760,28476,244626.68,243518.5,2083.344361,240057,248504,2.608,1,3.555404281,1,46,1.844,2,0.363583238,1,2,150039153.1,5635724,635187677.4,26060,5496734642,150008162.8,5603009.5,635189224.9,10700,5496716842
47,126JJuRNbteotaV1Qe6wFJeS8CgiCyGnnn,miner,41,18638,64924.43902,37294,101148.6237,3810,615860,612050,14589.41463,1659,16800.11492,441,36934,58221.34146,6572,67312.9386,1101,147736,146086.1463,147045,6429.606884,136669,155302,94.85365854,1,116.8296968,1,250,17.12195122,7,18.61074303,1,63,905326042,272630139,1479211045,6044837,5726492577,905261117.5,272540505,1479220947,6032765,5726471537
48,126m8bJyFzauZTcEetFbC1MhfZ7zf9PDcM,miner,232,36045,121214.6078,37294,463962.8659,226,4973258,4973032,12519.85776,1727.5,14807.33842,225,36931,49920.94828,6704.5,59351.68968,669,147724,143077.0948,142903.5,7087.644916,122138,158183,81.18965517,3.5,102.7667399,1,250,15.52155172,7,15.52597213,1,65,771948105.8,196806877,1771764235,1511000,18755643335,771826891.2,194107208.5,1771785876,1510322,18755623543
49,126p4Mk22CajdkvtsXZvLjWNXT5FdGayyH,services,2,663,66621.5,66621.5,74724.92332,13783,119460,105677,12199.5,12199.5,16937.32873,223,24176,48798,48798,67749.31492,892,96704,154036,154036,449.7199128,153718,154354,75.5,75.5,105.3589104,1,150,5,5,4.242640687,2,8,1519586017,1519586017,2145975140,2152443,3037019590,1519519395,1519519395,2145900415,2138660,3036900130
50,126T1unHtNk3TxQcUmQ1ho9RjLxzAAQGpj,services,12,1187,620501.6667,52083,1130350.949,52083,3137500,3085417,1371.75,362,2014.092312,260,5828,5487,1448,8056.369248,1040,23312,307612.5833,307782.5,387.9300448,306612,307785,8.083333333,1,14.03539897,1,39,5,5,2.486326242,2,10,2727437172,2321575071,1726989283,212074387,6030930646,2726816671,2321522988,1727585421,211001887,6030878563
51,126Wf5S2urX7enUV5v1YzUobwzrRt7ZeVt,miner,30,3827,147320.2333,100000,151521.2172,7498,595700,588202,3680.9,1923,4166.23967,456,16192,14121.2,7692,15954.92873,1824,64768,155373.7333,154584.5,1308.611871,153724,157540,17.4,4,27.64379334,1,97,28.5,17,29.79093822,2,108,1067475156,147268129.5,2729431023,2756328,14599038619,1067327835,146966509.5,2729384871,2735345,14598642041
52,126yKRcjXqbxVbxz2vUZXDd47ZATMYcFv3,exchange,48,102571,105862.6667,33956.5,223397.7438,573,1021586,1021013,3720.25,2550.5,3749.59294,192,9025,14785.6875,9278.5,15033.20742,768,36100,131650.5,139346,31725.88597,67514,170085,20.52083333,10,21.12675986,1,50,2.75,1,5.696210013,1,38,1500472270,155739405,5660442350,550377,38703909127,1500366408,155685534.5,5660416629,549804,38703641870
53,127Awf7hfh4jtWkckTtZeqXpcWgSsnxq5M,exchange,4,14389,433449,261141,439346.7834,126097,1085417,959320,5089.5,5616.5,4351.22546,325,8800,20358,22466,17404.90184,1300,35200,160909.75,160914.5,8293.931331,153715,168095,26.5,27.5,27.18455444,1,50,14.5,3,24.40628334,1,51,2985614266,3199804588,2333430839,86253675,5456594214,2985180817,3199198831,2333275243,86001731,5456323876
54,127EX4hrxu9u3RewGQRyVz6vhQnPYgYEjT,services,2,17,212760,212760,237361.6043,44920,380600,335680,6435.5,6435.5,3721.502989,3804,9067,25742,25742,14886.01196,15216,36268,153723,153723,15.55634919,153712,153734,28,28,35.35533906,3,53,53.5,53.5,67.17514421,6,101,3615722464,3615722464,5035366600,55180595,7176264332,3615509704,3615509704,5035129238,55135675,7175883732
55,127iCN9n6rXoByn5gZG8RtPkMwGL5TZCks,exchange,2,3,133675.5,133675.5,48190.03424,99600,167751,68151,4833.5,4833.5,5427.044546,996,8671,19334,19334,21708.17818,3984,34684,153722,153722,5.656854249,153718,153726,27.5,27.5,37.4766594,1,54,23,23,2.828427125,21,25,4389650478,4389650478,5930415039,196213789,8583087167,4389516803,4389516803,5930366849,196114189,8582919416
56,127P8BPL3bsCXZJMAYVfwFDy4AgnAo57UJ,miner,2,2,200200,200200,104651.8036,126200,274200,148000,1995.5,1995.5,1042.982502,1258,2733,7982,7982,4171.930009,5032,10932,153713,153713,21.21320344,153698,153728,13,13,7.071067812,8,18,2,2,0,2,2,620919674,620919674,714905621.7,115405061,1126434287,620719474,620719474,714800969.9,115278861,1126160087
57,127QqwdDhAsDVJqsjHPCudnVWaqjQdacg7,miner,2,1,55881.5,55881.5,64886.23956,10000,101763,91763,483,483,155.5634919,373,593,1932,1932,622.2539674,1492,2372,153713.5,153713.5,19.09188309,153700,153727,1.5,1.5,0.707106781,1,2,7,7,7.071067812,2,12,404820551,404820551,547618071.7,17596099,792045003,404764669.5,404764669.5,547553185.5,17586099,791943240
58,127Za3SMUXELc4eFeU9YbFDY9mT1z5aF4K,miner,6,4198,4173238.5,3618385.5,4557917.221,21230,9151000,9129770,41658.83333,36012,45357.79329,192,91216,166635.3333,144048,181431.1732,768,364864,153060.5,152612,1863.863809,151426,155624,280.3333333,241,309.2466114,1,618,8.833333333,2,11.40906073,1,25,1544609833,1520833218,1241184814,1085164,3209151000,1540436595,1520759017,1238604656,1063934,3200000000
59,128AcBx5k3aPVBhXLEkittuwhfbJyJ1kjv,gambling,28,1578,12142.85714,10000,4986.754944,10000,30000,20000,523.2142857,419,344.9255805,257,1333,2092.857143,1676,1379.702322,1028,5332,341240.7143,341325.5,441.9243154,340424,341994,2.5,2,1.934099465,1,7,1.892857143,2,0.314970394,1,2,57099587.79,9490502,220365464.9,1500000,1175201992,57087444.93,9480502,220361906.2,1490000,1175171992
60,128dG4hrRP1xhV4HBdqxicsxejtwj3fTSZ,exchange,32,104316,5748964.094,2144256,11862981.36,3154,50647513,50644359,10875.875,9464,12064.45607,191,37126,43482.96875,37856,48276.46821,665,148504,178619.75,194559.5,30754.87528,99532,203848,67.78125,53,75.92344802,1,225,24.875,7,41.90677057,1,183,2554896996,1560086734,3429630705,333470,17021290478,2549148032,1556841224,3421360259,330106,16970642965
61,128WVSKCqi5QZrdDVvupi9JdnKJCSdGNmo,miner,12,30041,1262886.083,144024.5,2920209.307,3570,10000000,9996430,8955.833333,1372,24275.41732,351,85889,35796.08333,5488,97112.25192,1077,343556,156570.9167,156745,11043.57595,144155,174216,57,4.5,165.7040077,1,582,15.91666667,3.5,27.99499414,1,100,940885409.1,341376863.5,1308889315,109551215,4637305823,939622523,341108613,1308103454,109547645,4637298863
62,129ErMVshjWn6fnH13yv54rb3a8FWCvm7m,exchange,2,2,2205421,2205421,2742865.79,265922,4144920,3878998,16837,16837,20442.45704,2382,31292,67348,67348,81769.82818,9528,125168,153731,153731,1.414213562,153730,153732,101,101,141.4213562,1,201,57,57,14.14213562,47,67,4043518803,4043518803,3539954798,1540392760,6546644845,4041313382,4041313382,3542697663,1536247840,6546378923
63,129iTGKofuDQcTbPvxUb6H7cYFHjaGqmB6,miner,8,5263,748519,152337,1723692.077,732,5000000,4999268,8109.125,6805,8771.167416,225,25597,32354.375,27220,35166.57013,900,102388,151202.5,151330,2047.936592,148431,153725,51.25,34.5,61.84947165,1,173,16.125,2,34.45675343,2,101,2440726852,501000024.5,3810588555,81453996,9780059668,2439978333,500847687.5,3810920300,81452796,9780049668
64,129NLAt2x8px3so7UcVWD9v4Ve2Fvg9zNR,coinjoin-like,5,3,50000,50000,0,50000,50000,0,294.4,258,80.83501716,258,439,1177.6,1032,323.3400687,1032,1756,362455.8,362456,1.095445115,362454,362457,1.2,1,0.447213595,1,2,2,2,0,2,2,7104342331,7114405414,774900710.8,6114305414,8064190000,7104292331,7114355414,774900710.8,6114255414,8064140000
65,129pZBg7cE7o1q4fGG7B4o8w7prXQTAuvR,services,28,35203,53678.10714,36323.5,58451.606,1130,253846,252716,7032.535714,741,9131.712896,191,25000,28130.14286,2964,36526.85158,764,100000,152270.1071,153347,6335.890305,122702,157875,42.21428571,4.5,55.25051174,1,150,4.214285714,2,3.813787297,1,17,223399042.9,2092778,693301373.9,48870,2722149022,223345364.8,2085557.5,693291927.5,47740,2722109057
66,129qcCFuK9zU96BhrpyaTyUv95qshu82jn,gambling,74,40633,19762.08108,14032.5,19702.19471,1000,100000,99000,521.6081081,373,458.6592676,191,2437,2086.432432,1492,1834.63707,764,9748,300079,302365.5,7379.582646,263377,304010,2.891891892,1,3.072492039,1,16,2.5,2,3.604601321,1,31,262842352.8,4888639.5,1168981812,10520,7401951989,262822590.8,4873639.5,1168980744,9520,7401947548
67,129upk68UJ9X4Zb89kpLCiSthxPSwbsjUj,miner,74,27120,152908.1757,160000,107141.8778,2734,369800,367066,14848.60811,845.5,31562.16147,192,95923,59384.09459,3382,126253.4502,768,383692,154950.8919,154176.5,8059.425496,139553,166644,98.31081081,2,214.9156525,1,650,9.986486486,12,12.56380237,1,94,823642798.9,15386851,1875825008,3586436,9227113167,823489890.7,15269001,1875813383,3574236,9226913167
68,12a5GdW5yVLZyLvwkezaVKStQtNeThPYZV,miner,20,123012,745602.4,92476,1929026.309,245,8618200,8617955,8677.8,1150,19377.91855,226,85886,34399.95,4600,77553.28859,665,343544,118814.85,135242.5,39855.61987,38207,161219,57.5,5.5,131.6796352,1,582,4.4,2,7.576973427,1,31,1508656960,328449274.5,2723232281,8256880,10001818986,1507911358,327973698.5,2722237340,8256546,10001016940
69,12A6kHyHLpDuSn62w8Jc8xyu41UkQM8b1z,exchange,8,126717,508942.625,304200,686252.111,2021,2122080,2120059,7535.125,3859,11363.60008,1291,35442,30014.125,15436,45507.31071,4822,141768,100406.75,110232,58885.89264,26991,153734,42.375,13.5,80.75878988,2,240,38.5,13,42.55416716,1,101,12253581343,7530146404,14028270666,318634829,43798086255,12253072400,7529906104,14028158489,318632808,43797523503
70,12A6mgDLTKWy3KJ6GqpQKeJjmLe86LP6sb,coinjoin-like,2,6,82340,82340,88162.07348,20000,144680,124680,2215,2215,1978.484774,816,3614,8860,8860,7913.939095,3264,14456,275856.5,275856.5,19.09188309,275843,275870,14.5,14.5,13.43502884,5,24,2,2,0,2,2,697442387.5,697442387.5,903261578.7,58740000,1336144775,697360047.5,697360047.5,903173416.6,58720000,1336000095
71,12AE3fQj1CsSGL9c3aZpkSDz991KUxntvB,services,250,21181,67299.6,70000,46129.86427,2400,374100,371700,6353.444,8857,3640.704958,223,9025,25413.776,35428,14562.81983,892,36100,97898.344,97941,6352.883055,86591,107783,35.856,50,20.53528807,1,50,1.444,1,0.882029423,1,7,3029184120,1891148290,3673374123,3532840,25122163866,3029116820,1891078290,3673371463,3462840,25122071366
72,12AF8AfxRNX9hRMxnPgUGmHWfcNGWBUgPf,exchange,23,142930,596628.913,100000,1401254.577,5111,5478132,5473021,8559.043478,2880,12194.3846,191,38166,34236.17391,11520,48777.5384,764,152664,116039.5652,146771,46270.4028,20749,163679,53.39130435,17,75.99206844,1,240,20.73913043,2,67.79663265,1,329,6185982850,240690000,13291021693,752975,56826362972,6185386221,240670000,13290321998,682340,56825350172
73,12akbk7F1S6Cpoe3FCjunCtTcXEPjQpf9w,gambling,88,39860,13717.38636,10000,24949.89378,1000,238077,237077,611.0681818,374.5,1389.88276,225,12504,2444.272727,1498,5559.531041,900,50016,384307.1591,384864,5096.746663,363593,403453,3.602272727,2,9.396183834,1,84,2,2,0,2,2,15312225.63,9015040,32854047.12,1323582,228877852,15298508.24,9005035,32837603.62,1313582,228867852
74,12ar6hznvDPMmouanhdZUSSa3JEq5j3vHa,miner,36,46249,277060.0278,100000,695303.088,8996,4094484,4085488,3384.027778,1759,5532.759386,293,21251,13536.11111,7036,22131.03755,1172,85004,161691.2778,157943.5,10840.38254,153707,199951,15.97222222,4,34.89206714,1,139,16.52777778,2,31.63766843,2,151,789168261.1,88019352.5,1977836580,2161440,7877616822,788891201.1,87891360.5,1977414380,2145780,7877484692
75,12arNqn8jopgbtYgXgdiUTyd7B1vKPLXTL,exchange,250,116958,522519.62,47643.5,961006.6481,1000,5556551,5555551,7989.224,780,13153.71723,191,54702,31592.6,2698,52783.80709,449,218808,76868.576,84766.5,32001.26242,4722,121680,49.76,3,86.66988564,1,240,16.58,3,46.63275733,1,601,15527090917,1381883664,65464200709,8011,7.69763E+11,15526568398,1381673255,65463944663,2081,7.69762E+11
76,12aU8GY7y8gVcnfb3rW39rX3239vLAX2k1,coinjoin-like,11,15,106745.4545,100000,53889.76681,10000,191960,181960,1318.545455,522,1251.19314,339,3614,5274.181818,2088,5004.772559,1356,14456,275855,275850,10.03992032,275844,275870,8.454545455,3,8.454154439,2,24,1.818181818,2,0.404519917,1,2,635812916.8,525997701,576008022.5,7791050,1336144775,635706171.4,525897701,575964630.8,7691050,1336000095
77,12aYNbUXcRdhS4AmCNxB89ZteWJ6Ej6UBs,services,2,831,218690,218690,213277.5473,67880,369500,301620,8676,8676,7113.494219,3646,13706,34704,34704,28453.97687,14584,54824,154130.5,154130.5,569.2209589,153728,154533,42.5,42.5,57.27564928,2,83,52.5,52.5,68.58935778,4,101,1073984547,1073984547,1453916696,45910192,2102058902,1073765857,1073765857,1453703418,45842312,2101689402
78,12AYWEzWop4eMPQCJmRKpUR3oSPyUQ1xTJ,miner,250,31045,142291.128,50400,315640.461,1024,3790350,3789326,1979.452,1131,3576.893612,225,39170,7225.912,3856,14362.63798,669,156680,147492.668,150829.5,9533.540521,127599,158644,9.56,5,17.59810139,1,220,7.868,2,17.41285174,2,202,5162768598,2185242650,21353270845,117876364,3.03876E+11,5162626307,2185237032,21353180861,117764964,3.03875E+11
79,12aYx6GcLf2Ao2t7KpLuEecmGDydzkZrwU,miner,18,46136,489695.1667,64410.5,1039509.173,4754,4488160,4483406,15706.88889,15033.5,12074.50743,225,52705,58692.55556,59312,50610.42485,900,210820,165554.2778,162831.5,13588.11433,153709,199825,57.94444444,37.5,64.05372031,1,248,206,67,230.4925672,1,517,774157404.3,3874916,3245318310,61582,13777852336,773667709.1,3834733.5,3245434842,18702,13777837788
80,12aZnwXAscZeu5ensGZ9eAQDAHSagUpAu3,miner,87,167476,304928.1149,100000,563205.4544,1130,4047236,4046106,4113.655172,1700,5296.842363,191,30736,16124.7931,6792,21061.85196,577,122944,109349.4483,94932,42765.70363,27,167503,24.2183908,7,34.789876,1,201,5.011494253,2,10.47532455,1,82,2162676922,450170604,6669658096,1016800,58475372837,2162371994,450097450,6669569725,971600,58475186117
81,12B1KCSVYUHmRVhr5LiJwmmTcsSK3MY8hj,miner,18,15420,1892239.5,281600,5176971.433,1937,21226756,21224819,9198.888889,2955,19449.4328,225,81173,36402.72222,11820,77907.5624,900,324692,158072.2778,155569,5098.671428,153582,169002,59.05555556,18.5,131.543986,1,550,10,2,17.43896921,1,67,3115307970,418938125.5,5871547358,25460000,18106174552,3113415731,418788999.5,5869222345,25419040,18106070860
82,12B1WfGzxa6sgZMFSGWxLpAed4Vix6SjVh,miner,20,92339,229817.7,75040.5,520902.7193,452,2148408,2147956,52371.3,14574.5,56776.89518,191,134291,141475.2,58298,147906.7728,669,300068,117571.25,107634.5,27810.46144,87463,179802,319.05,96,344.4908486,1,790,4.2,1,10.77326125,1,49,418395432.4,62378928,1122241621,64174,5000000000,418165614.7,62303847.5,1122177744,63722,4999800931
83,12BDmjnTFq81p7mobU7NZAcu9rnagXAqLZ,miner,42,54636,1395071.929,89466.5,6817758.884,1139,44344535,44343396,7141.452381,1259,12081.31426,226,46151,28558.02381,5036,48329.83328,669,184604,156161.1429,150711.5,19326.24653,131280,185916,44.97619048,5,79.52894491,1,272,14.35714286,4,29.30397578,1,179,1039261589,116761725,2428676756,1966063,11342525485,1037866517,114501096.5,2425291384,1798283,11342346534
84,12Be6UqjhpFxysEuM3fYcoEy4JFfeEBN8B,miner,8,25758,155916.25,76771.5,181021.5582,3219,426200,422981,6187,4182.5,5561.99607,192,16592,24557.5,16730,22429.63773,768,66368,152504.25,152900,9761.565884,139224,164982,34.75,12.5,42.12142312,1,112,30.25,2,44.81629168,1,101,2319338502,501000073.5,3814165064,15344352,11384831125,2319182586,500982594.5,3814033449,15340962,11384404925
85,12bGCGgUqkccgnWWWW5zWhLD9AaYD5KVzg,coinjoin-like,4,28,142960,131180,53205.24285,100000,209480,109480,2429.75,2143,2442.173673,339,5094,9719,8572,9768.694693,1356,20376,276002.75,276004,5.560275773,275995,276008,16,14,16.4924225,2,34,1.75,2,0.5,1,2,650640578,603581235.5,700880589.7,44190000,1351209841,650497618,603450055.5,700829119.9,44090000,1351000361
86,12BGK8HT9yYi2XAZanzCnrUT6cK7LqDj6r,coinjoin-like,88,13047,66704.54545,20000,116043.2103,10000,920000,910000,5266.022727,440,11702.59318,257,91662,21064.09091,1760,46810.37271,1028,366648,381873.6705,382154,3446.109033,374042,387081,29.48863636,2,68.66108575,1,550,1.977272727,2,0.149886756,1,2,532164454.1,71539785,632828326,2685330,1389920030,532097749.6,71519785,632768325.7,2665330,1389004174
87,12bkuXqWU8EJGYWCqTq4PN4sudZeeZqnA9,miner,2,3,139874.5,139874.5,178258.084,13827,265922,252095,1376.5,1376.5,1421.991737,371,2382,5506,5506,5687.966948,1484,9528,153721.5,153721.5,14.8492424,153711,153732,1.5,1.5,0.707106781,1,2,34.5,34.5,45.96194078,2,67,3273798987,3273798987,4628503000,953129,6546644845,3273659113,3273659113,4628324742,939302,6546378923
88,12BMUMiuodbUHEv6AF8jA3N8LqSRqk7BoE,coinjoin-like,2,19,50000,50000,0,50000,50000,0,439.5,439.5,255.265548,259,620,1758,1758,1021.062192,1036,2480,330636.5,330636.5,13.43502884,330627,330646,2,2,1.414213562,1,3,2,2,0,2,2,3403110905,3403110905,1291543129,2489852000,4316369810,3403060905,3403060905,1291543129,2489802000,4316319810
89,12BobysBhFxgSXjmKQpN3k37TQFv3SfBpJ,coinjoin-like,97,30551,133448453.6,50000,485483438.6,0,2808000000,2808000000,7931.793814,374,21281.80791,191,99416,31727.17526,1496,85127.23165,764,397664,460626.4948,465598,8709.888155,437112,467648,43.96907216,2,118.1054837,1,552,1.948453608,2,0.222258015,1,2,85254753451,825000000,2.34977E+11,305691300,1.24582E+12,85121304998,825000000,2.3484E+11,305641300,1.24582E+12
90,12brydtJjuWkCtVjk9mkPtTWBWuf2o2g78,miner,20,63800,872767.95,55067.5,2194044.79,3300,9276000,9272700,4077.25,593,8124.030345,191,24563,16242.1,2372,32520.98298,764,98252,169821.95,179611.5,20260.31815,122248,186048,26.15,2.5,54.77540266,1,166,4.35,2,4.749238166,1,21,18035345790,125798520.5,49985835338,101971,1.97942E+11,18034473022,125714610.5,49985421497,89651,1.97939E+11
91,12bTCtrgV7sak1XRyDLV415Detqr9TzThh,gambling,250,44339,10045.12,10000,636.7706503,10000,20000,10000,2478.744,257,4326.96929,192,14800,9914.976,1028,17307.87716,768,59200,306074.78,307809,4915.114665,264281,308620,16.28,1,29.43568307,1,100,1.692,2,0.462592659,1,2,21385906.32,3759225,50103751.84,22633,504478537,21375861.2,3749225,50103768.63,12633,504468537
92,12BUjbQknTrAufLTh5DsPkBHTGWTHiWj2n,coinjoin-like,146,81995,173454.9521,18140.5,756190.4333,463,7761197,7760734,972.9726027,681.5,1095.036463,226,9378,3667.671233,2578,4374.335016,904,37512,154934.5342,152542.5,25141.00942,114904,196897,3.582191781,1,6.050086177,1,61,12.39041096,10,20.92824301,2,249,628812323.6,240049336.5,1242788330,2075223,12303585506,628638868.7,240039806,1242302887,2068764,12295824309
93,12cgpFdJViXbwHbhrA3TuW1EGnL25Zqc3P,exchange,250,826,213962.156,111264.5,196797.6756,20411,954670,934259,2128.484,761,2617.882717,224,15033,8512.628,3044,10465.07579,896,59805,423.712,428.5,242.9987957,11,857,11.272,4,14.13553215,1,50,4.116,3,28.66771521,1,455,1909842574,870060563,2541063898,702949,13676946332,1909628612,869873303.5,2541019397,682538,13676135834
94,12ciWG1Q4TJT6p95GmnC5UZNag4mnzoFot,gambling,250,12934,1839422.88,188758,2384532.779,11526,9493501,9481975,7337.64,667,9090.19127,191,33416,29350.56,2668,36360.76508,764,133664,202582.852,201110,3966.333992,195815,208749,48.88,3,61.89245758,1,226,1.964,2,0.423581972,1,5,857311076.2,301602665.5,1126057934,772924,9828829910,855471653.3,301546164.5,1124728167,685131,9828763419
95,12CT9X4CPaQUCgT7TAtAT3YD9AU7oGBPfJ,miner,8,4094,3463829.5,2806504,3644629.017,21409,7511600,7490191,34759.5,27863,36064.29866,821,74853,139038,111452,144257.1946,3284,299412,153001.125,152478,1806.463114,151427,155521,230.625,181.5,249.2949702,1,507,21.625,11,24.23066239,1,63,7858956091,10006250200,6145028800,762763839,18744513943,7855492262,10000005700,6143631035,762742430,18744263135
96,12CY5Hq3J447wguFunpNpEQfH1t2jFEnBB,exchange,250,74557,1113670.312,251800,1505037.328,456,7906155,7905699,12777.66,2516,14024.69041,218,31472,51023.952,10064,56173.30885,542,125888,133636.008,136013,19087.66141,76867,151444,81.404,4,93.57110124,1,201,16.492,11,20.89546405,1,101,2021103654,1194284745,2539203478,310982,18391686579,2019989984,1191267264,2538576774,310304,18389660634
97,12CZeH2YsAPTMTq7sPD5vKoLtgXqzybpSf,services,2,8,78803,78803,32460.4439,55850,101756,45906,1831,1831,2042.124384,387,3275,7324,7324,8168.497536,1548,13100,153715,153715,8.485281374,153709,153721,10,10,12.72792206,1,19,5.5,5.5,0.707106781,5,6,256045416.5,256045416.5,291309674.8,50058370,462032463,255966613.5,255966613.5,291277214.4,50002520,461930707
98,12czYtf78s2nASAn9die67kHQ6oUpZhYZ4,gambling,124,56,10710.40323,10000,3513.177146,10000,44980,34980,394.2822581,226,320.9945054,224,1994,1577.129032,904,1283.978022,896,7976,289756.1532,289751,15.65068084,289737,289793,2.14516129,1,2.177839417,1,13,2,2,0,2,2,61806403.34,71736197.5,49764633.21,1103422,430538204,61795692.94,71726197.5,49762968.55,1093422,430493224
